-0.6407960018303529,5.915452530820655
-0.22495790709539754,3.100613378678388
-2.209570128255309,0.13537496404210003
0.2277905839416844,4.1274850078109875
1.1533639858085611,2.670935197567512
4.475043295285297,2.919660675221682
-2.606330051449129,-3.9159974579852252
4.756343102880153,1.5386260066955657
-4.2975130720861445,-1.0725015094752304
5.286161392866738,-5.779807182566091
1.029701397255353,2.113657990179482
-0.7760148464469963,4.719334691391153
0.35428818802381246,2.6978207484866963
-1.0672079206258307,4.575611748446398
-4.087434968835952,2.144083170403605
-0.39394456906539727,4.95863065556323
2.065010876211329,-4.497346630554084
1.077736368074919,2.1892460941330585
4.005506492399739,-1.475710708802998
4.269124070660787,-4.3945377938666725
-2.348057260294306,-0.23147000338505408
3.594187093165357,1.3025452566784823
-0.9198021918069523,5.380173646576135
1.3098701162710222,0.11122831964188495
-0.3980551291518817,2.7798336157681653
1.795740702847402,4.69896088375137
3.5483800365313636,1.4438485813003887
2.7690701517494087,0.5013334035133377
-0.42984523574003997,3.093116851421107
0.22096066230335912,3.978662638924062
-0.48358589342527647,4.134398408982839
5.623648842790203,1.2362307719257764
-0.0894320197228206,5.345157861798477
-2.072974132373799,1.3946407266467284
-3.6513465351174204,-2.934135887501824
-2.730449382644309,-4.130591499370354
1.4963885713339757,2.800597051572489
-3.100144898250649,5.326796129339016
1.3740111458909432,2.384585434277911
3.3999951045709076,0.15481692697675287
-3.0704698934644776,0.5930568628992542
2.5560704464041164,0.42266842609412814
3.442596370844514,-0.796672679202439
0.5116246832322517,2.523324010545962
-1.0978676908826517,3.264143997072339
3.218985858327924,1.0899176590267965
-0.006190205549563246,4.0272580434294385
1.1804549461877423,-3.6476324277327747
3.466948168814218,2.153115276699884
-1.5844493244374807,1.3208340897491893
1.1000592123783048,1.9588907342226882
3.5624398138043274,-5.855844954322935
3.6159714861069054,-2.9141537516837372
3.2251233986655548,0.7344101866114161
0.18475985674267398,5.827090077902124
-2.046004141959202,0.9456236381352547
0.7600287927544319,5.26257962435365
2.785150887734426,0.9443925932031719
-1.0627932999764118,4.281650275755172
-2.0971348344729157,4.6687393404926025
6.069704210922141,1.179663241391046
2.8283946389671706,0.8904585631697677
2.538198941593594,-1.1025087547980155
-2.4272252436198305,-2.6885250918662464
-2.34847336922688,-1.6143181838735936
-2.2335688365773687,-3.500160281550622
1.0160727409016628,2.4433121211963904
3.7893347378256577,1.1176658693841675
-1.9773879131798315,0.10951650454830997
-3.0139271326229875,-2.8090698827714604
-0.8740138593697123,2.3964029028969325
1.7189932689309513,-0.1458082012809987
4.360944924088756,-0.2782064140190168
4.82529900164369,0.1164125483980969
-2.744036252809123,-3.1656611418158143
-2.485065183063631,2.1788091120114057
1.7459559834246094,-0.35184527591733383
2.665374903423962,-0.19391877878053543
2.2180092660253727,-3.413717651689216
-0.11294779275110074,3.27485343213527
0.9400470869548789,-4.026050034865255
1.9332222463312545,1.3980625759750596
-2.718283963704266,1.1966223716954767
-1.3272390898574746,3.1525306861938596
-0.47756236157239057,6.134258852340978
-3.2862885613762014,2.3432614554194835
0.618964796411788,1.4480420030321217
-2.2045654591112083,-4.320155062433626
1.5662151054369824,-3.876935534180652
2.8128950278642604,0.45743147957023955
-2.0304039802851643,-1.5933666654871739
0.05905287694653971,2.4298357973228453
1.5197462370412411,3.46600794033734
2.606374617645654,-0.3643487244468988
1.588592270748268,-4.778864237183465
5.719834247055799,0.8657440056249458
-2.4621035288032806,1.4011935547139978
-2.8045002966540236,-2.944898545430719
4.523395558653372,1.0029332059385532
-0.22212684324823187,3.051831134600942
3.478034325790239,1.2880635291931735
0.3209911408520355,3.98410790845059
0.2187878602789513,4.831407434810517
0.6666110851195559,4.353703821390877
-2.654743425130558,-2.928603365848593
-2.320230934456079,-0.01791302184797372
1.8989618456040844,0.34794650387230774
0.7783353138191864,-4.073758885592777
0.4794511860002794,5.193408156800624
4.528469772758168,3.024682698539437
0.378898598426854,-2.902489093365431
0.2464978888703873,3.2973124815451866
0.9838480804324707,-3.590515800005757
1.4231452778571754,-4.2931448383275175
3.4898591392580878,1.1373975921959958
3.309355684799734,0.6254773222437813
4.642712081112245,-0.24697704383662056
1.336904116898442,-3.5166139001843577
3.5950167249719946,-3.8367525273926257
4.224693400268557,1.1384231595909429
-1.3055959591253776,0.7506602577187089
0.7531325132633568,3.3870366090006807
3.5477359869675285,-0.1814417663855452
1.2172285528298077,-6.354279200632353
3.774795603923743,2.6558762612182063
1.1133794737178022,5.318356660070209
4.791532007972568,-0.6980169679837849
2.5651318270399734,4.576738844335439
2.6932521684997424,1.2159528781736304
2.7029604281819606,1.730446012968906
-2.5164940496668335,-2.2194154829317068
-1.52209951384655,2.5638305053104213
0.15015910656098497,4.096180199823957
5.368814237497878,0.6193241317451175
-0.41711984499623006,3.990440118824292
2.1027667691773764,3.3785677099697047
-0.49478315260963457,4.339839440916267
-3.645433721800358,-3.960273802581906
0.9528184467734708,-3.024879141733144
5.063867620927995,0.7623942442448023
2.3240454710291116,0.5343927939515971
-1.1250076116352907,0.8813909466221044
1.2393961154993487,4.0219570324851395
-0.7520146060443494,3.070875335372047
-0.08606676141661723,3.7594930157132467
-0.4799449039046265,5.090811192467603
2.0911759029694705,-6.145411305855038
2.240018153362003,1.508215959154156
3.544122343618894,1.5190967572195158
-0.662263052583923,2.8856027643890143
-3.5006917112758256,-3.871514759352616
1.510212997168453,-1.690545704845623
-4.8647353801097895,-3.5888480879998905
4.754229180032638,0.6433781714743503
-0.2509167923790113,3.3043454471051557
2.1685111958011913,4.779055098349642
-1.9105294956670948,-2.154014449077731
-2.4839986336593585,-2.229442732168914
0.8609042960338018,6.183929227336247
0.6916825903176584,-4.271854221483571
-0.7983580945973685,-3.5816348463972028
2.59279372076442,1.8577781745193236
-0.9580727436157317,-2.9134069274335994
1.6429737200824424,0.310787121336198
3.7664908855213843,-4.369592797451734
5.323648412278877,1.181513903422149
3.5740842434443536,0.06834142540717403
-2.0750475030653965,-2.628326214756176
0.14090396243824754,-4.6515998348779535
5.7291649249083285,0.946445573337733
-1.8707043037035986,-3.863383193884696
-6.239135423502922,-2.8070793758452792
-1.2253971950846139,-0.24281431967634304
-2.8156028251710774,3.211344267817817
3.8725316505711875,-2.5462641458756696
1.8998362035997411,-3.7734716049081274
3.6016554414287674,0.7177026097083018
-2.025319377698364,-3.740593530802882
-1.2877920698415668,2.7005600137158594
-0.43201930797795823,3.3411429994096555
-3.5391957424421703,-2.6761500882410476
-2.6028201247079985,1.7756825887729917
-0.6139212400639428,3.3506586983868556
-1.7122206686981571,2.6611109073437285
2.0588950099230057,-3.3734522695607043
-2.697883227559063,-1.247550386552409
-2.1549588843990355,-2.1368226857082098
-0.7446902965827682,5.437829917364675
-2.1706448343206834,1.5399297256960218
5.315463388371835,-1.6981357224078382
2.8543311690999777,-2.9825091221021554
-2.941096243925526,-4.269401513672256
1.36265318427977,-3.0857777619308897
1.4342507099147452,-4.190589128723696
2.804754040571682,0.5621720939205253
-0.7174899695655516,4.092655548800236
-3.663522844755241,-3.6377825878649124
4.521190534189638,0.7255831179006935
3.159571355705564,1.052345028821111
-1.7968290470999595,-4.740359669608985
-3.244548311776568,-3.045852493870557
-0.3413901904569805,-2.1491300967678857
4.407484869111809,2.338036290168856
-1.5022091468684498,-0.1656717336728284
-1.706402130956276,1.7377929433359223
-1.3459236842611277,1.4119657832812404
-1.9728101404665959,-1.6993921482724075
0.14931622284507212,4.167233856596223
-1.8527637611207073,0.09116433304131044
4.079358152183093,0.6733370072483684
2.8466434343381257,0.22146157478906614
-2.6397977197871936,-2.7061708526847594
-0.4084530790599195,4.020655148389258
-2.578715882160651,-1.5070231529163858
-1.853125636674223,3.707887257148632
1.2123414307007327,-3.4178107225098397
-2.901220825651529,-2.8951808024753958
1.618518801481015,1.4240362321326505
2.5812300777369703,-3.4952629375714075
2.204670343847997,-5.442685605589659
1.9003268792099823,1.3528872977502688
1.1757041312261325,-2.7269410621191987
2.212059040327335,1.4650614201956227
2.637555856293239,0.2690341109230697
2.1963067822939477,-2.8368260728297976
4.234990695250174,1.801190043359309
2.789701914502751,2.2866679787728863
-0.9100297711478642,1.6235139758592374
4.12605899361455,0.04143139760516379
1.9739940189107281,3.4198903840115022
1.3622494539797212,2.8647461144619313
-1.1912082370699653,5.551479581297453
0.8291345674120265,0.48748128295960247
-1.7639039271042902,-0.27906293730119436
2.186466742267542,-4.830635329275159
4.513763052279716,3.0438178948097825
-3.8851280495333036,-1.7892171289880068
-0.7797738780534887,3.0502730859599634
-4.30163724479149,-3.1545568708061986
-2.175517740703656,0.2797377760902744
-2.111364472847048,1.897595099768411
3.4810141695678047,0.3672818017732775
2.529627578847304,1.4800064766548282
0.7646177920316917,-5.8962979510543105
-2.033598146094272,3.7607375762492516
4.561024463213563,2.5335242438580683
-1.4446382604529338,0.3082373618157348
0.42560569296583606,5.056206409817101
-3.78738372403313,-4.29913330353653
-3.134028079449099,-3.36123483371395
-3.6669459989204296,-1.3107307731662452
-3.0008752785976056,-3.174876892444705
-2.5704011739244828,2.4880392536842404
3.631366765207562,-3.3321207479174926
3.345499296039227,0.8867950585084313
-1.34549270251726,2.0092599522949737
-1.225553099376699,-0.6556014168368731
2.1036126020678596,1.9419615993660515
3.197562838293394,0.5730698040008543
2.2234221984325866,-4.543331067095965
5.089627773328937,0.8442941462969035
-3.4294016760010373,-1.0693376973274045
-1.114322591699704,2.7652839199898827
-0.6866119128024881,-0.5891802391259167
0.5741546396103188,4.883051610771347
-4.355342701666586,-2.012235991891225
2.782619736304296,0.645034869880279
3.1194325343215845,-1.335886256286686
-3.0914469515491576,-0.2859499938094643
1.12600963588639,-3.417179208678173
3.642780354343076,-5.974500492867903
2.4519454125448554,-4.448404231140097
-1.007121863060835,2.6882647402662805
2.907358301050947,0.4652657992055199
-1.452490936443504,3.0490613266242637
-2.877844001383735,-2.668824209139886
2.0571074514555394,3.4468405984496417
4.26930432606294,1.6287135256166039
0.0664093580645756,5.6363525366243445
5.158857378021359,1.3021707397868432
-1.946376679419074,3.486624609722529
-2.381285618864812,0.6516223815176541
2.235287106513038,1.90926667145126
-3.2036996299287095,-2.186749777336811
-3.1423027433829867,-3.663398478630801
3.367130741936097,-0.016857700322902236
-1.0229708519309046,2.7902978894343313
-3.019608807038156,-1.452061667367224
1.488084395378766,-3.123617530224764
-0.5346666930867405,0.48436946612853005
-3.71317221729414,-2.377019876192363
-3.4994628924890843,-2.1485821177012236
-1.9573157304251165,5.310541638185859
-0.19106692895200594,0.8633791127554196
-2.207423747850807,-3.0414260914095568
4.396674960028872,0.7797613159498009
0.5273496854465004,4.7539882787313825
4.639248879359974,2.0217978842549478
-1.5603213412372932,0.4943812897460763
-1.3191388810180964,0.531646395895893
-1.0724405622007525,7.824660643340904
0.07067517895989048,2.615250014607042
-2.6148891690249485,-0.22850258602880058
-0.35278394920485817,2.551232085385316
1.6566127918271296,-1.6738028889381544
-0.5015399068722802,3.3462480583653913
4.371955103552214,1.342061835094991
-0.24333690048176415,1.5524172118930886
-2.019861835794537,3.065498123472707
-1.3013210111717473,3.0438741906012505
0.9978955940219569,3.8103950603260124
3.5266672704111395,2.2234878054269824
0.758645378446424,-4.37365495304039
3.8160713334333285,0.7521324407004122
-5.811675577913688,-3.4435987933997843
3.0737482956135525,1.7819988916913292
2.930446974657385,1.0681307431994918
2.587891522330311,0.6800866737004955
-1.230128529925781,-2.5690572543388197
0.49175768843530304,5.456162456296876
2.9756281794004193,0.8812344728625712
-1.655772550957158,-2.029541139172477
5.961372211992453,0.9255908972341201
-0.17505729092881928,0.7408925700950352
-1.7921430225929795,2.3308327670975597
2.806242534870809,-1.2053838164717745
1.3171221304507579,0.9578293537531279
-1.6813247686609616,3.040738297649306
-1.4140594987637858,1.901872194275973
-0.7707875566941504,2.1580405791706556
1.7088584584729603,-3.7914305711631613
-1.681915564806012,0.617378245759032
2.729920739458026,1.636766434846131
-2.8987235258796082,0.4939756906490764
-0.22555634267935656,4.709749959358075
2.7897895244289086,0.8906223345400829
5.124494609464033,-0.9298774795377434
-2.4107305182530534,1.2316022631561736
-3.5319319999977594,-4.082529768812202
1.9049795662278035,1.190146171726087
0.236346360293997,4.207237781843167
-4.405137563005804,-2.199328833679054
-2.496823750250117,-0.9679973473597023
3.4406802424797993,0.7422312895482324
4.147338640197298,1.8447276669511514
1.2583322550512843,-0.5501203169449553
1.7168291828221185,-3.248593365904481
3.1077201457226886,1.435003768975791
3.4058770016914055,1.5119401340407035
3.4489331493781012,0.7685943145178692
-2.0787021152881833,0.8689891945468509
5.353890051403751,2.075960989157595
-1.4678106703541027,0.8379032654183248
0.9780626492304482,3.6249285355069034
3.5995660144224315,1.3429058296530147
0.016090137099966016,3.145797015746447
0.9291061321134138,2.354493080275153
-0.42201318282152694,4.8779999616557665
-3.1212501411248863,-1.7962635568488574
-0.2191250849330144,2.938702056601757
-2.8511104836649426,-2.59444438924524
0.39159502120401457,7.742813721863769
4.170602237677173,0.652350882012956
-2.340467674328357,-2.3425606967993766
1.0712762020601325,2.0416964083480176
3.372051074126844,0.45636044914904517
3.888621722797456,-5.0699608875328614
-4.500360564607458,-2.4636203154244436
-1.9763594236105622,3.6901487760021667
-1.5218286002984844,-0.2130781573920555
-1.0398565872541716,2.933317312337812
3.3691130665806774,1.1211935165831215
2.6722896380937344,0.5285876732328244
1.8241630833874516,-3.673046565297107
2.9416014702108457,-1.6529218745442935
-3.217581200946245,-1.9929501648657126
3.7029698351091724,2.09000333401102
-0.5081702043679492,4.18683813542819
4.337148922083988,0.2612490915942063
1.1489130928585436,-4.170442363087143
1.7218113682039702,-4.7937732441625425
-1.631614249663545,2.0379625756482067
-3.494593271267454,-3.7777144387607047
4.85289942678231,1.2103606312974509
3.0925199907802137,-0.9118030578446947
-1.0989033774925052,-1.7703359697993624
3.3519869572911656,-4.494519663012409
2.2628205996594746,4.754346772089636
3.569245597599574,-5.685610509873349
0.446762502935594,6.163879434153661
0.9357313073068692,4.183879362981871
3.191961314744935,1.0449802738278424
-2.2553185496774857,-4.484007825623687
-1.5173067708762948,-0.6502428758994248
-0.14213490130169787,3.6255066724406326
-1.1272758166514423,-3.1090963518052477
0.47468980319333176,2.4987272566530123
-0.8075801401672509,3.7497837971281776
0.30562569557867775,4.492653311752088
-2.418487885954507,-3.852588667521154
1.457022513931797,-5.12098963580134
-1.8410584202649443,0.6270172234831553
3.484644057555306,0.5217595956032752
4.4922908346928585,0.024220722110741333
-0.053055948106262726,1.2350597398139396
0.9783446772236563,4.23949939630649
3.405139067266571,0.2212218793633418
4.008795502118997,0.15143790409823688
0.602559327944268,5.465109385864432
-1.4483658333898526,2.476973297613754
1.6292347613364515,5.038093123756694
4.475048897528826,0.7151291273831872
1.0197888889703963,-1.511143259234839
-1.1756273283962795,2.434444370841063
2.4882488702908585,-3.385873575740901
4.159425664178325,1.3856101922478286
-1.7787692559131407,0.7612407387740315
-0.23354671397212204,1.5156054253917028
-3.091906033814485,0.763766072139563
1.7072698252523741,2.4321409255232247
-0.5215818956198017,4.271253786181687
-0.11340662523205094,5.428558561682524
1.4348025318178468,2.176519713306252
3.0323301464233046,-4.040710387355523
0.6348570922052722,6.29314846241808
2.702539148859681,2.3101108243211677
2.5004044192806187,0.8600833552057044
2.9602438196219625,-3.690093267258448
-0.053098788489797155,4.198737513479738
-1.5697764973246564,0.7630980353284886
4.5843478016727275,1.811712775552389
2.975466805884015,-0.13073199352456744
4.219827906424577,-0.7247503319676525
3.7324868459464446,1.6111340047244573
-1.7380441093088503,4.224397943140021
5.347231248823341,-0.995510297881381
2.775339935102308,-4.622195835127526
2.8801718965217455,1.3481272781605156
-3.729049940818736,0.9936010181337461
3.0437874990643543,0.0857197056775496
2.8611794840633715,1.931035040625412
-1.0827096185228804,1.4471640175961653
2.551598757024754,0.8212175589951938
1.9182309059235358,-4.881122460477859
0.29002348347510726,5.399360438235452
-1.9852638086371246,1.7858683291428121
3.963465519993548,0.2251502843696669
-2.5429813340666554,1.1741263399475124
1.1698834390850346,3.1576539861063826
-2.168184735423772,7.854389645992168
5.052813753154206,1.3089088846263477
-1.8834189644923103,-3.98398362980891
-2.581541007005697,-4.40707108114803
3.9599678832653877,2.2924221523057016
-0.10693393503950131,3.153218602686271
5.20964497752688,1.0793171060375786
-2.2807487685895733,-0.7702936997380048
-0.18293585153878533,-2.532438322281588
0.6447385157616421,7.209914843853058
-0.894761751033474,1.078527740718043
1.7447476867122376,2.4122258729914026
0.5623970194039969,3.3957484967878466
1.3308533163215892,-3.84751148413751
0.7673930725718549,6.054767484953959
-3.0868984351916464,-1.7346515901807706
0.905096537970157,-3.7286837792974916
-0.22244326345978385,2.4212586591707543
-3.6550266257979054,-3.5682739727861734
-0.4517187612162364,3.706154509706601
2.385272932296127,1.3771909734705639
-5.000794502875557,-5.159720798082051
1.1203601594690613,0.5676234185330323
3.418395111600453,1.8659520464578523
-2.3663995232359705,-3.151613729037257
-1.1400359696527025,6.376935747625271
2.431124072232291,0.9112123871703592
-2.374189054441326,-4.206762194401982
5.069229182796526,2.431030156370763
2.66980322745489,0.1553279114298064
-1.620941825555312,-2.1810485081366013
4.357941481847791,-4.373802291299372
-1.4578329791452074,-0.7478348073749819
-2.3047359780457097,3.5398219356691087
3.8688321576952553,0.6213415352942193
4.028009825011309,0.9968647301950628
-0.9791268307168988,6.31523348159412
-1.4880441018800519,5.175021490941101
-0.6748692260814526,1.7539717644917792
-1.637291471837793,2.4472939744291984
3.0272471440537148,-5.139532596680702
0.2797160521951318,4.638699466419292
3.0644807561757994,2.0430298594549354
1.612770777227201,-3.2693471313441687
0.11552087195504848,5.37348309024501
-1.96554638105341,1.5349983943715297
0.6202178318484137,-3.6008308437645677
4.003403553182024,-5.718968186544169
-0.0391387938260417,4.6684263242584585
4.408050696680303,1.845456056386666
0.8510026743571293,1.7885348221200528
-2.6843597941885204,-2.9317573031721222
2.3274232370795227,-4.564739906442395
-2.757918982344083,0.9430598251770455
2.9853037304478867,-3.1540605508003665
-1.3941548198763094,-0.42381135281611204
2.7961816811409044,0.768093587252289
-3.8977595615733307,-2.827674663222293
0.6915032060108806,-3.0144649536517654
3.9410659889155175,1.571680327517263
-1.0670724687779234,3.9733425096951667
2.0571984672896546,-2.77256051460068
1.1675514466211696,-2.9633414502080755
1.8159903765680752,-5.039391465235326
0.3629849530874142,4.129260505394953
0.9440561930002773,-0.12993034446405605
3.179421489361559,-3.1125354441615003
-0.7512528056753969,4.700605311107317
5.182080734244731,0.7542898639276799
-3.607499501049388,-3.6821531951002666
-1.2696794920391241,0.2944928730930231
1.387586633343419,-4.735884262420926
1.4014018935765786,-4.1500889425121565
-3.5981118663029052,-3.897205532483607
-2.2996007212542056,-3.5833447969023577
-0.5926969552023065,0.21484297073251246
5.448145804930574,0.2437952520730705
3.516771144781769,0.9686283787694687
-0.0869957280371973,3.9118425933913006
-1.9346989730001953,2.563650391990337
-1.9572994744796186,0.16849277464060342
3.1427474961284303,-4.972538104735811
3.2871368885666605,0.014311203158597796
1.7126659076586774,-4.635797727099133
-4.403695936826168,-1.4318887901418815
1.8797707893194737,5.215115126967397
-1.8911092143188981,-4.111330869405293
5.010048389050686,-3.7285503798878725
-2.2122615729778783,-2.862646801969074
-2.6402729649686494,-0.21623699732607138
-0.8947257395906876,1.5309474035005053
-2.1250111034653822,-3.557281721182796
3.974024675572796,0.48995821628690484
1.50606308842335,4.145471674602881
1.254775705335951,5.081197188644785
3.563220691494557,2.330142483597827
2.244297034666525,-4.639066018951904
3.1898733241453954,1.6303335635986542
3.9729313020167774,2.1362816921291214
-1.0890409262448986,-0.23021657095680403
3.7844104226397812,-0.9753073046872536
-2.148056166125664,-3.3824857936284065
3.853387500484804,1.751863799806304
1.3708722434914073,5.44869659688375
-0.23109735682691532,3.0994414543333892
-0.9362485793338448,4.281154097993489
-4.665012529399949,-2.5025375431855785
4.308211676557813,1.33819564025557
2.409423602872841,1.0439265602539194
4.502947289068807,1.5412439254910768
-1.907660645975364,3.96859945132855
3.192162808696575,2.3590547523090057
-1.6189704144454966,-0.13115499119319174
-2.507864152804208,-5.015641283081031
2.9669600477144304,1.7422424557384453
3.242938349363344,0.17840493420923387
-2.0277840932329037,-2.6371531302970133
0.5386957929036706,5.383922430373214
-0.7400136394979988,1.0698363481821596
3.1559277243964097,-0.008336142812293224
-1.082939833257912,6.782782510495491
-4.707435753119318,2.321583990101307
-3.0676156579259746,-1.570548394376574
0.37673822455315553,2.4256205588680193
3.1488878638204905,1.7727918359839716
4.242652975795106,1.1446722264111242
-3.2798689332974256,-3.531732795029982
3.7705608308095684,-2.533875725580995
-2.22968203694224,0.6990295623499088
-2.0031785488549567,-1.5683646126593316
-0.5850718077155974,1.4839695442238738
0.21943556909081652,2.632333571265718
3.1748829200600595,1.4701117798274321
-0.3730192508446735,5.9945885298628285
0.130942950309453,2.1065598501107123
2.5161799505439864,-1.6058210540675693
3.451433723716899,1.5113674577103307
1.0743168488585775,-5.392515476515697
3.9979517257312374,-0.1274451746291705
2.4983771130633485,1.6534087218128568
0.599789177008935,4.940238699883099
-3.204354743312293,-2.281597205121725
0.09326428327685468,5.199595692864028
1.8551313644267737,0.5442069979948381
3.522150331505649,1.4913260534837949
0.22850354352497235,5.273076133102616
4.189774400866695,0.6286893709626233
-1.2501027313817792,4.887823255103759
3.045370680934653,0.5566272710513689
0.4503996061848262,2.2609213644209314
3.4009637325702884,0.5199745495013673
-1.4482253080005574,0.1885389568135264
5.214183381105304,1.6537796677831236
-0.22688134989926942,4.503138053293418
-2.0669769121347543,-3.586855035410199
-1.6592723724494405,3.5383670033432706
3.3253452742733893,2.2600819609856817
6.04303392930913,-0.3033198805846544
-4.1190863984420645,-3.358312793529249
-3.121057563377392,-1.8624976692953634
-2.2060590221649137,1.0195262229475552
3.1790267478001706,1.0835681791733762
5.441192710345618,1.5093045135497003
0.3794015673461161,5.794722065417275
1.2983929529637805,4.696613506357462
-0.932323014313758,6.360460978707493
-0.5816527098408188,3.4101814857422914
5.451052242852064,-0.3987198829111802
4.363911345745931,-4.95275915460229
2.9837741782022054,-0.22783690168266424
-1.974336077162329,4.9368194274091906
3.858128340566513,1.1944108851210604
-2.2573793772003277,0.23731308535824847
-2.797923151908323,2.191111032135118
-0.2946245569730344,5.629676977435988
2.0733147443054274,-4.1900985101032555
-0.815789365971226,3.7605571574691705
0.07725063089964702,3.9886442513549105
4.258852722508522,0.8324074933178993
2.981693663791342,-3.167285262586144
5.2725490479090515,1.3147742449524944
1.7919050681330875,1.3392380840105236
-2.7065632667904413,-5.707140333619856
2.036183671515588,-4.6867103105156716
-3.042327813525532,-2.5704994002634822
4.795726992227718,1.2916846802721813
-3.1609724477425907,-2.182700044446304
-1.3119398136979086,-2.709116708557575
-2.1782453183114376,5.778192269274835
0.1574711197059659,1.7710691274421082
0.3376824170823407,4.309364679556627
0.6944899866435585,3.182130731565935
3.334303205039673,-0.3239991304046912
-0.3226913743027591,5.737832455765991
-1.59113728200917,6.234187652467435
3.228235375349283,-4.218001108805785
1.8355269451187635,5.685210728538496
3.635934609778188,1.9838438426595042
1.5212806670508021,-5.057822960460133
-3.8606818154679123,-4.648650656614175
2.8472487636012165,1.3402304062799453
0.8385261584704428,4.029621364560266
0.5670860793395691,-2.582845726426526
3.1159229119944105,1.4129054950044413
-0.01618824549385526,3.9473811394705702
2.1998898821895225,0.6155977861761546
-2.2916603709156176,-4.178495509217434
3.7934611221880057,0.0033421207253367946
-2.457512518094643,-2.136272481222817
-2.943782866320133,0.5308441133529409
2.4558224720946327,1.4215507398220493
2.3011103318708006,2.1901207871751818
4.5486300837792815,0.6878834213702256
-2.447017629426734,0.8006853327371262
-0.11396432883692773,4.205808950302985
-1.2543491023862878,7.078127073180205
-2.1325994730111812,-2.0328927648007706
3.1689918260786074,2.1260895188722
0.7589644802714332,1.7308551238609582
1.2369175299491297,2.163140809292771
-1.2854027207863556,4.826604304512999
-0.8689150637636924,1.8769160266344427
3.217331625686552,1.708786631482905
-0.3870799583630289,4.289922908479978
1.6127391985446449,-3.5452945485714116
5.527786433344361,0.9824891618967517
-3.4270773666219077,-3.550246696568492
-1.1126512140607556,6.006624345603677
3.5729182745179777,0.16135474756644563
-0.830693828795422,6.652978009150505
4.508170528276737,0.7985168587233549
0.7340133706548623,3.0967420455526136
-1.2375813472604356,2.408089281866593
2.156542272400196,-4.9244302812310625
0.7906414427495116,0.634730664026306
3.6686173069584695,0.811856512862367
1.7605656786116017,-4.113480999385853
-0.07940129255771046,4.108761723422266
4.217103430413432,1.3688214821026872
3.771674662718791,0.689860542416914
0.553183566175888,3.858287777528303
1.6019593821353575,5.501894248387277
1.927688523179118,-4.663850158885047
4.862805608004798,0.6444943916424131
4.83120460865211,1.515419235901091
2.152559216728983,-4.136250923889729
1.4932805901290576,-3.987824800539324
0.6485943681103141,-3.7977070277567226
-2.1321186147541225,-1.1113111053647629
-3.015074588692346,-4.211801763430937
-2.2205512556602582,-3.7177421352933253
-2.677584294509235,-2.7031056140007124
-0.011202226111978408,1.2674789284002868
-1.0483694318483796,3.8053646383242627
3.438963890139662,1.7862667168288975
0.5214038737359523,1.84487215844022
0.4357027854398823,-3.1597666969775347
0.6941174249032682,4.107084958065981
3.7294685163141366,1.2392597108930419
-1.6054957075058431,1.2926417941934598
-0.7945799778039542,0.99646636508633
0.6695094452551861,4.562833756237637
2.257725758250792,5.255264573904949
-2.520262928955172,0.6095898439073915
2.8724285745211153,1.9277472929298116
-4.3256695079605585,-2.6087093767741534
2.673065468223392,0.9757401154944232
-3.8181886011356427,0.09534472891328893
-2.2567731358588556,-0.9081422383936215
0.08357126708321154,4.046771069356252
1.9133491492513788,-3.904556503996441
2.976669918336588,-3.7453984379519465
2.962135448142964,1.8375890832300468
0.6418108432445924,2.8122891100594662
3.072449424279561,-3.2666284696000627
-3.650442883997701,-4.618341788150762
-1.1535587501612143,0.167068987707494
-1.1238852000931678,-0.513137946924697
-1.8348069978278683,-2.3261534368073287
2.1605621659358136,-5.055200659049459
4.701381303475814,1.368243763196904
-2.842303268999559,-4.758342339689478
-1.315929599309882,3.880404438952334
-3.96970938548474,-3.0994270426563033
3.752926825537072,1.4405615574257256
3.989207883496889,0.802107944736397
-2.5687931780273567,1.7623860388020298
1.8097127586630584,-4.6820519108821355
-0.9823479740624694,5.738106205415267
1.4516223561715267,-3.168666600245154
2.0221042839422116,-3.84288003350309
0.3981600256954032,-2.4143731260724492
2.2311897254184117,-4.13213883862643
-0.7851664017847642,2.077565425394731
2.876206435874968,1.2441640089424524
-1.6602494956280234,-1.6452375985037242
1.4810038266612011,-4.32372294819985
0.5055942318078481,4.195096620299154
-2.243983305754701,-4.134896485434597
0.271093720787667,1.7135604468930246
1.9028598665529244,-5.280210663534762
0.2978974844831125,2.7333054344613763
3.0772464045860715,2.8952922623113135
0.22195160405371217,0.7777431179101969
0.5488639293400259,2.637101281038517
-1.0188331439276965,-3.860379995938992
2.2253317816432405,0.39497683167753306
2.310037782044656,1.2662757309039556
-1.6690222489300677,1.2940345346662343
1.9930761648223088,-0.37565858443106004
-0.2583309891523299,2.1889128475475195
-1.3967302177553773,4.773605395871392
1.000296015822453,3.4013525096269555
3.903495727380498,1.6281047508136357
3.476089277445874,0.20646724742795186
-3.5115881907212922,-3.6754630374144877
5.093619739383401,0.12582337967953405
-0.2693188819819953,5.559790620150734
-2.870158948439418,-2.739484260843499
2.2931513827653984,-5.523512512950883
-1.0553305895430314,3.8532238679963626
2.441454123569098,-1.6633176726044132
1.698655702715763,-3.6837947701838347
2.2612526061385716,-3.500242443567364
-1.8872419446218271,2.7991258252449667
0.9645217243472097,-3.09119338262017
-1.3307691639878672,5.339116026047028
2.3174052506119294,-0.010577290074686774
-0.1363496711848278,4.384365788362811
3.6697757580343078,1.1220518828650876
3.2978492397697785,2.1631861443872857
3.833621928591811,0.9413886261912222
-0.05678672876044119,5.351649751540087
4.399951352223399,1.502082282796639
1.0163188443360702,3.970831483855877
3.199929428467577,2.0468355240962186
-3.83229113430151,-1.8711772672045937
3.981982715003956,1.5414088480912986
-4.172462522474144,-1.4238420378411871
4.082259693364436,3.2179545570686305
3.220489533256677,2.682321845178535
4.0560674371149625,0.14112850817625355
1.1268162466513632,1.8724444096258204
2.4955065359378414,0.1006275093258947
3.685041263526642,2.868013908580147
3.4589272451812407,-3.179053322847885
1.2194640988775471,1.3037348547396121
-3.1896350146902446,-4.536868295703003
2.038236028357699,0.007797202347281429
4.084218306503277,0.10108649226251942
3.240879889263491,3.1678000897904406
0.3154758004736855,5.568757831102968
0.08432356283371,3.7291745271808634
0.15712144830367966,4.2354935188483624
-4.0904689892648705,-2.7474609307213087
-3.5745877193294104,-3.1159942447027156
-0.8963489117342625,2.282033071044597
0.22343802901268797,3.962138057892557
4.807283634398096,1.4259490920041238
3.2188244487527604,2.3732961844028715
-3.0958981769477165,-3.0102023830728615
1.430262537057872,4.000400347414502
0.7883749300640779,3.0596553724084394
1.1813858461275912,-5.656967667429479
5.963127126495129,-0.11172802307062568
4.792580222954639,0.5530186557861804
3.933590295595619,0.5619558472021297
-0.5608301758135318,2.805754134177267
2.2686091724396236,-4.561440873292221
3.203388590578913,-6.324757717179336
3.1896428903260716,-4.5316633345900925
-1.2946742314618727,-0.7417429220580254
-2.3931701350774692,2.509495880476432
2.0838676625202748,-0.5775525750285448
-1.3925083160051,2.1508191133199737
2.334435139439982,2.870791528138246
1.4390309185218064,-4.522409319096494
-1.4478787638680748,1.3068219744974374
3.00752288603938,1.2569378305497556
0.4558490072558452,-4.511390227556587
-0.8921182363138905,3.7289377864794013
-3.9681698876839575,-3.7558899810565918
-2.1016518565635067,0.5400963573997897
-1.9923889417805933,1.7865067728300958
0.1598027749383797,5.542753170656869
0.7304240164337608,1.2499067578548089
-3.55169145700965,-2.5204887590496283
3.1123673695383545,-0.49309748579566537
-1.222499595678544,-3.0262377587014444
5.060557872991486,-0.7208009639397279
-3.0346279537114493,-1.4037563444314087
3.6506577301373775,-0.4225965267478746
-2.631765586927916,0.553017338451443
-1.3793895641388993,4.165267905693257
3.312235414459459,0.5818380991994339
-1.1286528207313347,-4.289148838319829
0.32913568527334497,3.9976158823251255
2.7319815483325565,-0.6581535752679484
1.246692066008083,-4.509144931720054
-2.51505692343906,1.3064630193181597
-1.3987987350905249,2.5674654512918
-3.0054326321279365,-3.775640303934844
4.996320626594224,-1.3312380945071731
0.3090293403041534,5.762534620785521
1.3859628050873691,5.921643494412513
-0.7942956636695745,6.88415272883236
-0.3286853960544947,3.3756892046765463
2.7924081947925066,-0.7699158077109289
-2.3991947216047014,0.5132169926706578
2.184167860070897,1.9763423021908986
0.9450790107747851,-5.119760918467721
-3.3858520849490086,1.0224093031410195
0.6805056934038723,4.154250442871227
5.40057793152713,-1.0289627885603845
-2.211529685849888,0.5206358441459283
-3.095958920740505,2.1778778662248035
5.587206733286312,0.8590579936950808
-4.445517608158886,-2.5391096716356865
3.03202725266833,0.6139391633374334
-1.56810019021462,2.8700678491577376
5.300609193733134,2.2120998396146594
-0.0005320030829143859,6.0337503367066745
2.714223432856827,2.480125402604372
-2.2787740488999244,-0.6651210757458295
2.677043848137439,-5.030969497495631
4.201434713469724,-0.4268675131852573
2.1444977859314034,-3.910815951742573
2.9137105510663313,-3.5256784097666056
2.1117972060872896,-1.0155471954583373
4.711983954758072,-3.807890954716319
-0.5292033418003402,5.565304453627672
4.376204509575477,0.8859989813745803
-3.3568171709225996,-4.334720601232461
-1.6005671756638549,0.8398357738779656
3.847706639556816,2.212930096273648
0.26740591014420617,1.957361095504435
-0.9700799337196451,1.6725424167714165
2.7825691215933963,0.3748159195946891
-3.132030619502199,0.7413089175829799
1.2995064706720918,-3.1784224117375546
0.9607595941637249,4.343321247342611
0.6307218706277982,2.378390711738483
-2.263219463090511,1.113159944770439
-0.6900910954268615,1.118340852385435
0.2749829866709553,3.9085741890241783
-2.794621021022778,-3.591782113369292
-0.6182241323487232,3.8536144212124084
-2.5154879299552575,-2.8956452509883204
-0.5747574044564119,1.0831005690544617
3.4338014977482194,2.4854790755892004
-2.2747745779318165,2.69408531715047
-0.7777620801288528,4.5649160614721165
1.777323521711364,-2.735999306622963
-1.9013187974876424,6.61310667787858
-3.02969730375974,-2.465255801583861
3.924089065112634,1.1817736378303534
1.4868567473484882,-5.2952617785138925
0.39835135855757287,-4.241891624859204
-0.9843746793179721,3.7802565345692036
2.43623240541054,0.5868057316006661
2.7248091178617946,0.21861780124852337
0.939471226029467,4.187965299936568
2.5687374540608032,1.1522123934572963
1.6933103407080354,3.3664317332534073
-2.77697971193537,-3.261739007385113
-1.1172861701326582,-0.4955242546763634
-1.6660926898370216,0.6596464051279312
3.0638489243182807,0.5896628852994708
-1.9977050135354066,2.195340900345897
-0.3401855670600654,4.438574601075857
0.2366389666606029,2.391749052343081
-1.030048343617695,0.9690017224701896
2.159478856890865,1.1970870216433034
-2.062825518434841,1.0918820445543929
-4.511487536049158,-1.6001680175769832
1.295884797395478,-2.555448796041546
-2.1253153926767068,-0.06988882232529114
-0.132737457469322,1.854586181091734
-1.7580218985910003,-3.767491058391641
-0.3146047455543323,1.464197667994951
-1.0424180407573904,3.8952817528080357
-0.3455626474460988,2.474860069010906
-0.436467355505418,6.180479114768767
2.9464155288131293,-3.9480390911348433
-4.7035657036912335,-4.8968828260190325
2.6275194122632097,0.3188682195058361
-0.7946653847064309,5.28010170950467
4.839087206260745,1.1780743062172054
-3.296179769546823,2.371830139303048
3.020483431052237,-3.600149047760138
-4.729720162764256,-3.182846641025929
-0.4955656731556583,2.2390073385813842
-3.3769971583995226,-3.391447270896027
-3.2178918148011526,-3.2373256106770696
-2.9254442700882506,-2.503276534014386
-3.106214451432277,-3.199513314542498
1.0650738979111793,5.427363207766363
3.166854531171972,-4.626435761544034
2.4669829584196514,-0.35592156111693196
0.23788833413523594,2.661993484744365
0.07130439076737054,3.951000020467205
-2.158405991228017,-4.0943160258181726
5.570324291693295,1.4018610920293266
-2.5680458236819383,-1.313997316963603
1.453985685777882,3.2237771631815146
4.698366543858109,-0.3885361043546869
-0.42634873804577744,3.116951213647955
-1.4857705956464204,-6.236297777877135
4.604081749712542,0.0342060463137841
-0.49092361969489035,5.298355359728656
3.1891565467235283,1.7654533852683976
-2.4821597350682465,1.3192856481526505
-2.2378985475383315,-3.1105469255973
3.789320083239504,0.062690100578222
1.7683979365861469,-5.551713483331088
-3.2579799808408993,-2.3929804275916995
3.875881023027901,0.8144385038403182
2.926859989846303,1.8957047430644107
-3.8190627881873622,-1.4233980292860378
0.2408962031185723,2.1433151017149914
-1.2272125891676955,0.9258999176087683
-2.13194856739531,1.3495337636478497
4.3419519342621085,0.4543556477136056
-0.1613196620029903,6.394875313815644
-3.480398068851228,1.269773543526264
0.8718231243866261,3.592123241265786
-2.931213275256186,-4.058756699983158
-1.2740669567052043,0.5769962175979295
-4.3452118698261675,-1.5135200782402067
-2.8871273184423902,1.7670107846070768
2.712867119867041,3.363719997924033
-0.43077379386133163,0.7141704601252226
1.7265702328942973,-1.055307647970499
2.8804096624185904,0.7037795027404018
2.674317125832384,-3.5201940618573127
1.1434501776704233,4.797000919831977
1.1402416830599273,4.136215741895198
-1.5782989133767191,5.793650862850234
-0.727905029420642,0.14991747425741686
-1.055827822697953,-2.9258914192976473
0.9595271277970928,5.540298024433858
4.221027084961529,0.49767187017048065
0.2856654136608349,2.2439369601270185
-1.6746163057089098,-3.113908622091136
-1.5460315718116076,3.045790436819431
-5.78428903057479,-2.6786385014089804
-0.6664734706739687,2.185275535171591
-0.23399918249063328,5.517993239542023
1.5665739517824322,0.2580791464938489
0.010298728726513825,3.883065200663042
1.450805935940956,-4.4099442849512815
4.205359189066031,-5.477317443745866
1.9418365190560087,-4.514230902102245
-2.6112411381408034,0.9290277620001892
1.7382452734560387,1.4604736490179726
-2.734623240798879,-2.4157078855089766
0.7875439089055871,4.246739626879407
-3.423030479632633,0.19373099785839476
-2.9403598283824803,-4.44941170332935
4.287484532065729,1.5109287082357903
2.033585072075614,2.895342930186909
0.7494656571698065,4.153705261111446
-0.9939746996557626,2.4149591949962024
4.142183765736479,0.41950884604687877
1.40682870226011,1.7081541460972136
1.3995579768703927,5.114403995359311
-3.5018002438643716,-1.4308704572605835
-0.8457656157266137,3.663893704067465
0.2302528243854301,3.82060836574876
-2.9305099182873073,-1.4703980244511523
2.0493465371785105,2.1006426136607725
2.484172140626971,-5.374054446947163
-3.302159663898607,1.6300597847448886
2.732862806505208,0.6466202588899224
0.40869019225181047,-3.2360590841220667
-2.373046746528597,3.907738736525457
-0.0699302678297114,2.1445999691376874
-1.5920687130161566,2.2328443328545613
-3.9020061330799902,-3.2520404338316995
-1.241875842820697,5.670680702729424
-0.8126047543068663,2.776901121411803
1.5669421138879045,-4.767586831068326
0.26409176136120066,4.030598448217369
3.481020538745245,-0.12804525106192988
1.6332594166022214,3.2074340398298005
3.1836431031599135,0.9667682138013917
-2.6368303818907126,-3.8778554720081413
-4.250876997687569,-1.575673537812665
-1.423015837922681,5.129729876870827
-3.037081800673949,-4.126398555906456
-1.8377568218441542,5.076494210719512
-2.0202070076458307,1.230107875117117
3.0805772416528714,1.8594919790662487
6.625029331423072,-1.831872937604504
2.8188786733191806,0.41481324540376185
0.7616469439745275,-5.283910284408592
-2.8705981824904963,-2.5662130394607665
-0.929341730793544,3.043214264451611
-2.5023062839675334,-1.946089999939856
3.7454853453114607,0.9346950408799759
-2.26409915410602,-2.66805995421064
1.6349796697115802,4.7694415054740125
-3.2150621534954302,1.0066536881926218
-0.3027712990143349,2.933464559811084
3.086015572786518,0.9143755754944866
3.2594109028547558,0.6418384527037179
-2.3402685060904633,-0.578859131867826
-2.7274477829000214,-4.233277704582125
-3.4781788608354076,-4.655304577509926
1.2255576650651405,5.397281602204526
2.333414878953647,-4.080844696744973
2.0921218318163786,-0.698935204186472
-1.8705724460856905,-2.4712950728270773
2.498785173253321,0.9376969750291015
-3.4452953200378293,1.6844493119351822
-0.6055111392030734,2.667290672155538
-2.5755595410548224,-2.5359259419950706
2.9831979070891785,-0.02872416720687032
-0.3824835506361123,4.452424747162483
3.4300040814229127,1.247039854150672
-2.581491190491224,0.09300101886872292
-0.12516535996719114,-4.187123244684575
3.3545267206963616,1.1332664731682662
4.568623296966697,0.5020973995439115
-1.9623865244993561,0.5897005816369778
-0.09248640580472545,-3.1652314695198864
-3.090464205521347,-4.4782390399032685
-2.5124838428973333,-3.9244062572005296
-2.530760780151501,-3.671028735499166
1.1159208910561722,7.005761531939793
-2.1437114438161955,-4.7828862749021726
1.9954983354616502,5.8747481428223045
-1.395680549893225,5.54014636020918
-0.4852009439623851,4.5334019239208745
-2.108910483235044,0.642439921888192
-3.06571538568594,1.505547316460857
0.07047812551353998,1.3981618645658045
-3.9935232176704387,-3.269194958601554
-3.839097984512173,1.9689599417235883
4.791824405684485,0.9982574573410684
1.4460299773856606,6.369052376447025
4.481266927809353,1.1796537113228722
2.992193917498124,-5.039449344702815
-1.315120641461299,3.2142599578934723
2.0674281645207575,1.248283090924412
5.16182263611288,2.315313489180026
3.3531782307045424,-4.537670370093364
0.42255160101098443,5.25651863826149
1.6129787697111566,-1.7530167811433208
3.7971489094388136,1.0528550485001333
-1.8634141244023708,2.563945272010579
3.064201348707928,0.3158802368977067
-1.1948575635955268,2.9911060858392915
-0.5076122500952865,5.774148694123099
3.7240121861352002,-0.6759686565415157
1.6930567284348754,-4.0012058529780745
-0.12376051647257119,5.356520021446851
3.696607225202993,1.1390316151404858
3.9338292369659156,0.7013191586550559
-0.11186930774377558,3.473132619332343
0.2547628085354868,3.2929634892181223
1.9500822767936719,3.494396908937804
-1.70755850281641,-3.4084650067529227
-1.597677519583405,-2.073927433864057
-2.2656308649648187,-1.953914052493173
-0.08812442176058334,4.849350442620912
3.041919981270709,-5.028771436087917
3.9447841281339784,-0.480454027788326
-1.0979870743792721,5.482408043951072
2.923900914415073,-3.785880634151872
-0.35254585273424066,0.5401341960479675
4.0171689769481835,0.34463212342938276
2.6433795709990555,0.5088504986724887
0.8784774495328134,0.22667191040466705
-0.3195307160297696,3.45209600944024
-2.618033324767574,-3.3658760618484576
0.7556869717555382,3.9432417651519733
-2.2721663031617845,-2.4006137955321174
0.6045783553826428,1.3833609394680502
-1.9850118284119014,-2.758703983080237
-1.132513877848123,-4.685682607918343
1.805651470622809,2.8935420055503562
4.012827216766356,0.7590169278339374
5.517918296704584,-0.6674875195524534
2.504028801122611,2.680480522491271
-3.327178513198171,-0.27828798072928707
2.38055471249109,-2.0052790023931863
2.700673832207732,-4.2469510517562945
3.9739121901054855,1.5552564469590244
2.4235404635437483,-3.33639739782532
1.97062260056725,5.522987143579541
-2.941183968989328,1.8118627226638622
5.179231812777973,1.8758660315372462
1.8376868467976726,-3.1463206256625953
-1.7282777810494798,-1.6922792077432578
3.005919282572011,0.7371395394074926
-1.8197286348826247,-4.156571301964297
2.1716394135480823,-3.1434708135539893
1.2592912581304534,-4.58996407216604
-2.5989520051048567,-3.3164631153984443
5.862562847470414,2.552461912552122
-0.333703984071424,2.6721685970218294
3.6079925732866993,0.4076289637282082
2.551378151944596,2.2977971716095684
1.9977037094617205,-5.9832189038378125
3.5710075322658468,1.0374845496094012
-1.375467626333489,2.3468647387681028
0.9110239969807712,-4.764419780088512
-0.20585070938857714,6.706809225826082
-1.609339278095827,3.1626380076439666
2.990006143022128,-5.795797465873659
3.401059474140901,0.9767374176895325
-2.4927968527936475,-0.3239493578277728
-1.4027558755754121,1.2676738563626593
-0.8955168793796409,0.6657123492520312
3.3358142802552004,0.5286647443100205
-0.8350591560662424,-2.4426669431688754
-0.35598195982949205,2.7190354340435325
0.652649579106487,3.244743933344016
-1.9048538571766724,-0.37670453575640606
-0.5414840350824877,2.2416791005127514
-1.6672049063079333,3.9009819314977214
0.7900033167126448,2.929575875994929
3.3782826694865915,2.5529526247249157
3.034091370940205,-2.7857153163377597
3.9413428079915547,0.3726488373815121
-0.22998871681117228,-4.022276815771837
3.895391799281793,1.365111317322371
3.264374277354769,0.9599028516572257
-0.7512597239093415,-2.863625789242211
2.4817335724087743,-5.046288417195674
1.8701387154526405,2.2159466635995626
-0.7468717586615087,5.77563946965113
0.3912637558979255,-5.165252634869082
0.561938746029511,3.257158761349508
3.1268543113714244,0.7706156170063675
-3.2557800552563916,-2.8335302237243454
1.0774663760348664,-2.8141908389861428
1.1346278253825641,-3.913472241510412
1.941536426686267,3.0776008015125194
1.4691267111090214,-3.3767048589302036
1.5565389137868813,4.683161438599306
2.116957210289843,-4.748574689396776
4.606435707575773,2.8417636380414995
-0.15421823260178796,4.031631882190815
3.7407277208367544,2.451729910223499
1.3826989552987505,5.295133140096695
3.553326344805476,0.22405115411373389
1.9461632261064037,3.720054933755846
-1.6854805137769282,2.253182003189038
-0.6240621369416064,0.03769975761103961
4.614194736333852,-0.3538549245308287
-1.2950648135021967,5.470141376361812
3.258905616544001,-3.3685736853105213
1.5176008847256086,3.243923166881027
-1.6048964630744116,2.491835745399742
0.057560833930945667,5.639720937991352
-3.1366319299057253,1.089034472153392
0.7154861819435077,-4.213956800743237
2.1781557246505487,-0.07160963690914235
5.945311044795693,1.203266802691327
-3.2526493115975903,3.1196181951980835
-3.3626477598897653,-0.025763296726643237
-0.49758052960110427,6.644908705744422
4.496365356221079,-0.6419210773546804
1.0670751095009154,-1.9784966541106064
5.417534343637411,-0.17173213805307497
-4.140281811414176,-1.7132374856734853
0.9952363952265717,-3.7663706226993257
2.8137315968548107,0.6133076748215419
3.7957121046448243,0.1346898286248701
5.907234940942766,0.40718864508762187
-0.046361377570369434,5.772939312688816
-2.2537251632303166,-1.4710113487797662
4.734291658774038,1.3173798027235835
1.3260805950764722,1.3448217258304598
0.6391794508876096,4.194341793378083
4.081090244315186,2.137249477321548
-0.9150468283953992,-2.5080573949991125
0.05798334931202973,2.820776978268744
1.3686650347857718,4.380719273889554
0.6380642586950257,4.143674966503018
-2.231454568903595,0.7939988073883604
0.7738164645014998,5.683172595590838
-1.3557631930265497,4.709128371786865
0.056943507627616664,4.462660636666744
1.5845137274879084,-4.279057983424698
-1.9441225298964357,-3.520626625514248
3.576031247909998,0.41741493549106157
1.8071734410167057,-6.540020347007104
-0.8664668166458134,4.122902216760574
-1.1376101545744133,2.396617967094675
-3.343416378320347,-4.258419071641335
2.522409324573293,-6.23525832678053
-2.8735840269107107,-3.6521355207610338
-2.586574087532298,0.41208861575296807
-0.6757626969463515,2.027373211620954
-3.6360261033776764,-3.8742619794734012
-3.5906417585940433,-1.6263317742484407
-0.7562369174531526,4.0981589333150374
-1.8075040343132809,1.0497729675259548
0.6893543912035192,1.1656599477198741
-1.470572675767167,0.7105822674025837
-3.0791240922607974,0.8310282928596604
-0.759782347821314,4.56772709341264
-0.2442789008583498,4.777477089268391
-2.059596778742272,4.504179647751445
4.394593312431907,1.5635180018220163
3.0266716116654715,0.27360177344709424
0.3846540999104506,4.070821528242812
-1.238021652312768,0.5543863927487332
1.1883052824984466,-4.784354733327036
2.6345877247651632,0.6867863349354988
0.16197521257602512,1.4634591865174988
1.286566380967046,-3.5646265451137698
1.9492078649995885,-0.5139360438103455
3.45048484124098,0.3408311108453389
3.0839839085537823,0.592331693565536
-0.7244433926665288,2.046998636390253
2.8599798376029266,0.4643471665557438
1.8056339424702044,4.261733297729177
-2.9503352987750806,-4.337273514959044
2.452607603010412,0.9355573075553162
4.914037656283995,-0.5862498063824644
0.9388243967502311,2.750039975191695
-0.12696346290254848,1.4474211524211156
-2.47660423265503,-0.09439270316332382
-2.44723591444929,2.638894722601554
-3.913911249758785,1.5330521054934794
-0.8337699520349386,-3.4339434136683202
3.000766346483749,-4.433558822682682
-1.6480741242728196,2.772321360609897
4.785541802582965,1.8087743396878846
-2.1770298056296893,3.289391512997218
-2.3839396018834322,-2.9913602323175854
3.2862572854490675,1.1357134395088244
0.022557884231731284,5.419386136358831
1.3737350749155561,3.6326511149854426
1.7820899539623891,1.4285987312096842
0.19340808822885555,3.400046967727877
-0.2759707145679533,2.037446113649523
-0.054646351076654706,1.4831217550621345
-1.3751719116088812,1.348545513041046
-1.7603735583692204,5.035402297347266
4.421851252741211,-0.25799625236464885
1.0788132519694826,4.591751288276588
1.109166085087725,4.370863479190784
1.1371114817420407,-3.931406764638315
1.4392065659858382,-5.24874380608886
1.5217561971994746,-3.3161437459270493
1.5275656025279996,-3.9192085454396577
-2.798547924428162,3.9519095519269776
2.2493001759565563,-4.137070116272293
4.915184987902918,1.7787285618599775
-3.8240038809930397,-4.974954317748337
-0.608251159334591,0.941015284939416
-1.4126752521762755,2.0729874882001313
-2.5008748450230227,2.19019376376228
4.472854303486693,0.7344839641070458
0.5217742382858374,3.142406680118286
4.690104408875114,0.6774736977633735
-1.4138385269552534,1.0046390016281308
4.877539472206971,0.7739418505037434
-0.5734666198833096,2.420084379696796
1.518781811920194,-3.9196560430645873
0.8225823569130957,-4.096227148016429
2.070601131410529,-3.8660140890925656
1.0667210372276343,4.17496856765099
2.0895269968117094,-4.1348504797694945
-1.256136723470773,0.8708596109331892
0.23432054958392204,4.248317066977314
3.727476894630543,-0.18838069009293612
-4.07747037690059,1.222402283017122
2.209675248636437,-2.41893154488055
-2.284696586233621,-2.6176147457411996
-3.194814940419899,-3.0275783541347048
-2.0309941919819,-0.37286530809620166
0.647739772249235,4.49502737887407
-2.4316377403559715,0.8389383997690295
-3.0418770892364475,-3.8359555456024528
-1.834724271184785,0.5129908608473752
0.5870940159055379,0.5918343220464299
-4.519046730741284,-2.4716939649177614
-1.5749164422083797,-4.972497507923551
-2.5221408979360573,1.9098912815553768
3.5514303762203165,0.9852538589005526
2.4390932333835926,-3.585793282548741
-2.921395693386819,-3.0090868913577804
4.341867389531588,0.6411690588151089
-0.8505131868297021,1.4515965425204647
2.329539890694675,-4.64400837208701
0.2863437985010311,-3.155058466800866
-3.7520530086228367,-3.1084087268915535
-0.39002782829777,1.9714638538634446
-0.31374006635748364,4.771564489353016
0.418784990035,3.9070110482672
2.098738369595542,-3.4101016481350044
4.130971372514494,1.9809979574259984
4.108164305114766,2.1549162231062815
5.44116865980084,2.7890753333230185
2.2434246234617543,-3.1034423054492724
-2.4689425858367926,-2.8535518780083953
0.25982725708357957,-3.5772749590887476
-1.565777853720131,2.2948269814024944
3.849591252509578,-0.905240827860835
2.1976801662511143,2.1155255872168297
-0.7753835850455453,6.348436781697977
3.1301368421757547,1.9210928703422168
-0.7793433575635943,1.8655824218821866
-0.580823020153444,3.2212513453172402
0.9766783182075576,5.534065538433664
-0.9081417250993643,7.711642539417715
-1.5991664685980607,0.820311877513126
0.563414694014199,5.9797399057176195
3.4788560179995303,0.3271030689164741
-2.89690910121943,-2.8550170897315312
-0.7034796944376638,0.4651241849958234
-2.844711826625962,2.6051049674185514
2.556994249575041,-3.7043249145649804
1.585848903246528,-3.057341528378876
3.2820542076169374,0.3113038941802634
-3.7811288879451688,-2.5158402898874135
0.5945281054707244,5.267312785938217
0.1168526022221437,3.6737023979905885
-1.558186760972807,-4.0975546366278675
4.373565637186452,0.7878440373913738
2.2923695405612823,-4.925917835135374
0.7926772537218237,2.565824403238829
-2.2360415467790795,2.954771719553652
-2.4286144778677285,-3.7724909559719384
2.535473893236913,0.9339163864006809
2.9037713605306013,1.5032189468319612
-0.998313125318641,6.097333130280118
4.262175275723681,0.08008341237199856
3.3098687954460053,0.6797442632523485
-3.7214600804491207,-2.2657065007000408
2.3036465797444117,-3.636539195088027
3.2698098111465908,0.5144171760224604
1.8751906997467422,1.781303322125849
5.566119752879276,-0.4616715433316325
3.078966577458,-0.6672632649183354
-0.08113454555461297,5.015153475922504
-0.1648776636349133,5.814581402399101
0.8615345812120638,2.8687783984156687
3.8395020534142357,2.729257675209957
-3.316882716048724,0.4928555617946023
5.179705052321097,0.40596447833729965
-2.0033713412390055,-2.21341117404565
3.395136416282219,2.1184255542362425
-2.010262567028776,4.039437919520513
-2.2091179761674176,2.3286847933659427
-4.001936934304517,0.22222744025442576
-1.1918962862609184,2.0570550185938337
-0.86483836884288,-0.2933583050218347
1.8554025315405054,-2.968982775749872
-1.4456605345528346,5.508584156980964
-3.4707357900394813,-1.851341275215179
0.8538671033524863,3.8841445778850177
0.2094677424950253,4.874127091468362
-2.7923783352108176,-1.9606861233876245
-3.3294954273169166,-4.480471297060212
-0.2839850709190627,3.208217052644752
3.0704299085884483,1.6948595232396773
-2.151042866928612,-4.090281949899988
1.6362701620517552,0.9227129944164403
2.6922191786327856,-3.3005693884109384
3.2352626452731865,1.4954054402841799
4.264908830905334,0.7111047713356318
1.1475684565627449,2.6043080580199365
-3.611088824362843,2.231359957771873
6.20519930319426,1.825750433250723
-1.1388203612485173,3.81241997668673
0.8946582814317917,4.2012434088754755
4.090727898436555,1.3438786990611538
-3.518693530829122,-1.1767151582339836
2.981923975439911,1.200329253361405
-3.5678017629914986,-4.21551515960082
-1.6350789820154707,0.9257931637048937
-0.9053680014680019,6.623623823137427
2.08188785496836,-5.948261204385245
-2.177549351001896,-2.8501877663972186
-1.496748001786696,-2.9166651694861696
-2.414470039386707,-0.245478415820082
-2.178678108513794,-3.638763096895549
0.007430360596952147,3.5481749511097735
-2.519941943565555,-2.1681832413911732
-0.0231838473610336,3.04043068095434
3.062673461333279,-0.03834973600715608
-1.5731621431218457,2.3359448495177846
-2.5088048351975907,-2.6699259816909318
2.5475551028605867,0.9653467641267894
3.2160457398546236,0.8094095340441321
2.750362578875391,0.6686459037421979
4.192771607449584,0.07302936443074448
-0.9983220876615382,0.32031126741328597
-0.6183241612093245,6.088016533009926
1.9708257556573998,-3.772784561447923
0.6379592969147906,5.117981228141711
-2.4672245775905735,-0.9363794684119728
0.8477180771927958,5.574710135236752
-2.6101207552958448,-0.31092462798996157
-1.9152547600194902,0.6442585974247159
-1.2605227869659599,3.3674986434913725
2.444147715247301,3.5023022133690116
3.4153690757217587,3.3979867539579747
0.3047851547339231,3.316534748898981
2.7042427064473604,1.9749499093546952
-2.755028196462379,-2.435780288716384
-1.7086121550636137,1.722909636972022
2.828589962157408,0.7572223935596475
4.4851429217417875,1.1788981533114762
-4.679908258014613,-1.8223860743131841
-2.35040558314218,-1.6767886314736262
-0.05081596671129852,2.6034142932815274
-3.384404153286578,-3.280532559513472
-2.6278584881966314,-1.773627395146268
0.3170671742870722,3.8623313380719626
1.9082457278756022,-3.5524589099764774
3.186733810228743,0.27453278405809023
-2.0592150830158804,2.656639356354753
-2.3650746000976706,-1.8926103815066802
2.105799067478388,0.9616785215536413
1.2653087692706426,-0.9132014169474216
-1.8171414585088108,1.7831397301032392
0.5976587916419668,0.8036297724213242
1.098584680618957,-3.4252075498492633
3.1280052046664606,1.7914664335374888
-4.389149943123445,-3.2970144734764677
-2.4443271030267115,0.30910969931762944
-0.3254416415106953,-4.782096253773995
-1.8181777403526267,0.1858625586234327
-2.3044130397209797,1.6802792429191469
-3.2632936359462086,-2.1526614315316643
0.6596078917009145,4.001537269999832
-3.28385341636522,1.8063804640195809
-2.4904568880875004,1.3117251552789129
-1.119040068754914,3.9641683933926615
-0.1409203103016889,3.208730602295253
2.8049442474950887,-4.983291707751423
3.4568588487560508,1.5684035392616886
-1.4962038206771404,4.956534435439123
-2.9064108713814867,-1.1131516140375415
0.542523121112293,3.5527622379234582
3.967453858916857,0.47513852061273176
-1.7430602915903795,0.6128214744248428
-3.401663874032982,-3.6417389152415582
-0.5127049685227462,4.4906007902311185
-1.6767214308993708,-1.7794298507725612
0.0889484206628948,3.8547597536696987
3.151537549469777,0.6982239349177827
-1.6822731144937966,2.4091180730034853
-1.7933775056087136,0.9407135169690585
6.084214130289572,1.984614012247197
-0.9420183195807331,5.396478514493564
2.5483235557111605,-4.355402899993837
-2.6512757381767704,2.2656179867075013
3.061206814541646,1.9177344933684886
5.1829744057394285,0.09346644963351802
0.37428292618915315,3.9362143070223987
0.6836246171264353,5.245890570298427
-1.4086277952278428,1.2273698212635824
-1.1954192437301787,4.272054962961226
-1.194810702207345,0.5673858699551455
5.143292102907131,0.53796279861473
1.8819362509303497,-2.9608125367261744
-0.34450479695566905,5.567511863450748
-2.1055685838860043,-4.628665910178725
-5.295811014060195,1.8272432466600503
2.6483841699319726,-3.396551615695798
3.0933307496547915,-0.34807445661418246
2.054297228201344,-3.772524723219997
4.1905868475599535,1.1165734410373158
1.9542757892740665,2.158323057991538
0.4065659355392735,3.9711102380296657
-0.8298499217297133,6.008759721771751
-3.062973109446687,-3.92739397932705
0.8884819135449361,3.558250544377249
-1.648109898538771,3.2568590407931897
0.7354830515057906,6.140371218056968
2.865042329085306,1.9482816231963653
1.3289037018660237,3.2179422460259
1.0828762000665488,-3.7914008674609847
0.3771889248384052,5.16621244211767
-2.2352020560300745,1.8207313834048597
2.911657037054467,-5.213673925889157
4.971263250692986,2.8518350364755403
-0.7031839073970885,5.462019997395251
-3.245996035333633,0.5824402033749454
-1.8601069322208292,1.1499323161909347
-0.04108687798047004,2.960408900506761
3.2971728422320132,1.4341181129918392
2.61633784016475,2.1316019261390506
-0.33683671813510135,1.6547439399725206
-0.9049326588469517,3.6279185626155233
-1.4779825410514367,5.022311758754197
4.026183685707493,0.21334431370831686
-0.4864437762362907,4.260513421860338
5.003338731648196,1.3331128673651327
-3.4290523904900194,-2.1562374134651985
-0.4431556959015128,0.6178360164548582
-2.444334049175067,-3.0320869096889678
-0.04915587501359739,3.6668577990674116
0.9810564806999675,-1.8854328787549997
4.0239530009710185,-0.5834138369719823
4.145852062590816,-0.4348354702517845
-4.032706282028517,-2.5173414990624545
-0.48916578367597746,2.3950489972666134
-2.241614804225624,0.9170919857423726
-0.10358999088034593,-0.6322132631880761
-0.46634813657661667,1.1163322863868417
-1.5567324305094477,3.0626235015670344
-0.9745093756323557,4.105845344705109
-2.73832342353267,-2.1566707205310776
3.047641239919047,-0.39854955538111647
1.2411070702726306,3.8956009868007335
1.653993561960894,-5.366944835813923
2.00297557640434,-4.445601000180348
3.8624892407032982,2.109062646765985
-1.5089602242433897,-3.201222926504859
1.8132612147428946,3.839300208623091
3.8193039925338836,-1.5371277627253703
1.3653039823575484,-0.8683594756836155
-3.2822146033628448,-5.4576416961291425
-0.8722437011175315,3.084514094643257
2.404294731550526,1.0603617980230293
-3.3604625654912885,2.263353579585641
1.4920186503442834,5.495244293032617
-4.537837795290155,-2.6731907789657563
-3.0870317664962275,-3.684012708506394
-3.99755165785757,-2.946269733836578
0.6581595000641136,5.272825696321123
3.10422556574067,1.6625697997204272
2.704570749080845,-2.543739731696055
2.3538639387764837,0.4061425487732738
3.517329378465441,1.4123322362367559
4.456688440194583,0.050348327749925814
2.4116052360727616,-2.398593404823346
2.2373607971473963,-3.1583766033011775
6.756897107663642,1.7993810124195324
-1.7010713804317816,5.655020171943438
2.8406720598467543,-3.822096780223911
2.3872678740350324,-5.190940284822349
2.746499960139098,0.7136354227993651
1.5362831670878951,1.7912657233251208
-2.69201767421018,0.499644478137501
-1.516961434441142,4.527954223080361
4.5077680957479735,1.8561003309983035
-2.209360386652791,1.1023573180472133
3.431175345368618,0.9693948937112042
1.9524788287130692,1.2603629669998349
4.111833387730231,0.5748736767000576
-2.24693260716086,0.8483670486259249
0.022919398205574804,1.675042562552911
-1.7590791412504034,0.9201791061637129
4.373360520003752,-0.6714644531359215
0.1390383539977165,5.1069454320880165
-0.23247273641247432,4.766376813926483
-1.4054107833118321,0.22999860311080955
-2.742247592144471,1.1795952440149657
2.246785626706567,1.093244009421876
-0.08185524211197787,4.085502171631388
3.9062467535955654,3.1365697895160123
-0.9277104875868654,4.528940806248573
2.018605188358397,1.9402111688581356
0.38001788707563183,3.7434365250266133
-0.6901083364752525,4.754870457847312
4.3108433309418,0.3339981564091279
2.607146568017473,0.8643560887375179
-2.1146764041670747,2.177096679264399
-0.5350813510103598,3.4268625447109735
-1.91807610983972,-0.08993368559500658
-1.353335150495238,5.24942726245585
3.828506083560524,-3.917876245435302
1.8127016387111141,0.8426825331107837
-2.1617978455736706,1.4213542290365155
0.3679704983431664,-1.7299334719233017
3.937019131540925,-3.181666356962004
4.505525761409629,0.2735078925929574
3.9909565293202407,2.5701528187536575
2.4678452816330307,0.23785757246558903
-0.28832512410546346,4.804415554420399
1.736844795888511,-3.2129236736423126
2.158885993004495,-3.538234286726558
0.77404768337401,3.195043424831622
3.896912418633087,1.5444499816503257
1.584484236906987,1.1034177332251933
2.7769481635357343,3.9799552442575066
2.1130101337876876,2.112671573644124
1.4307671457980675,-3.6414752160207016
2.768184270450538,-3.5221061295812954
3.6409343188556917,1.8172820274151038
-0.7961013108566726,0.4769160694137916
-2.7119250366936947,0.7131712038107911
-1.461570758688984,6.010339908499382
0.8136601907756746,7.091971239325391
6.745485470240377,0.96975561990481
2.8017142200599867,2.7040291770434397
0.9907382695470909,3.360579375798097
-1.7819737898967518,3.4738261942727657
2.552949763556259,-4.134390628153659
1.4134802298840317,-4.7023015147882345
6.168435023067593,2.9690644986354906
4.498536091856412,1.0735563065676685
3.901111350662404,2.9494124999487212
0.43871238224853454,5.479103097285054
1.5035594604175322,3.7502138802291114
3.4514037406856137,1.359689352707854
4.673487570673263,2.1807700720777206
3.8187497931617567,0.8513093602949051
1.8316351314382673,4.964358787739106
-1.6921461584840705,2.0896090262097156
0.9191301990752861,5.315091343647456
2.095347202038155,-3.9126658535867747
-2.13464761977913,3.2168321522073215
2.5919508879845226,-4.444437735621162
0.015072054117268488,4.1287551121750665
-0.8794271536713012,-0.5659966425752472
-5.30066390265449,-3.5012400246628257
4.603157126732504,2.2100317402726692
3.2373042226319146,1.9549836911247898
-2.778789472712016,1.1779746014064378
1.1472771412885179,2.9729659249332765
-2.0332915757074628,-2.702027067535756
-1.7682347650553387,5.517628350779417
3.984068849240144,1.2577547435106067
-2.6459678980400687,1.9994109485400335
3.7574923145835237,0.7328272610005313
-0.2573892538352438,1.4049077899980253
-0.7091560912257637,2.2839041569566874
-2.3923773668938058,-4.647693829646409
2.47210517005239,0.23993830513016334
0.2082881588701558,3.4209156946693025
3.4214274070301114,0.40988770815633524
-4.355292811878841,-4.985774880291318
0.12931625433901475,3.333017198139114
6.212584460693591,1.8249699492386005
2.3628031281631947,-3.4576170443928516
-0.6827930821207832,2.7648869465757
0.7157074303508435,2.783692835937438
-0.8180837459464412,4.986248217733452
2.4351685375076673,1.0077780763923354
-0.2150440078592155,4.686723470578811
1.6229202661114053,6.486150250886263
1.88020578106235,-5.677393539349559
1.8703013204174483,-4.64186250227929
-0.8788070459605392,3.434564813103
2.4204535879652225,-2.8361560567988824
3.419784634408501,-0.543114566026516
-2.0953070729920276,-3.9744350373564687
1.9518121283282202,-4.531462373490975
0.8980767833960255,0.20184915852794438
0.20538152437234805,5.380027450422273
0.8692958284948982,-1.4176727771928532
-1.0450809835650137,3.9308464428488348
-2.0463408205159848,-3.8583858816810968
4.218513241014959,1.4974323211991079
-0.4757678303417605,2.1213279428830325
2.4473840658870305,1.1345053341535416
0.5134308066951361,4.6307137981101505
-0.28951910416446314,4.35071078585098
2.8449323596921987,2.606904885876662
-0.3787092870449353,6.924238037009309
0.0381307606454278,6.918562681901123
-2.8772928869235246,-3.2258127258868994
2.787749010593723,-5.837627700457059
-2.640726911242359,2.524666128095778
-3.0018911150366887,-3.4042785536163174
-3.9436860965806106,1.5460034307960697
0.1894226066437681,-5.0912640502605
2.155778816327148,0.3890802279144828
4.944792102368901,0.7219798376826494
-1.5428986384523495,5.601338349696908
0.1100331601597771,4.165755664723685
2.91725124318232,-4.153473987177711
2.1290011769633894,1.2735215608826307
2.7453762326300644,-2.7827121491015867
-3.5710776605638146,-1.0121513325332498
0.395788685431002,-4.382639223350132
2.9398937851637448,0.9197128536408836
1.0022775657974952,3.3081279230920146
2.5459580761081284,-2.2689558313948703
1.517209833343884,-4.826744063069751
2.5065803777856743,-0.04964653531044472
-2.907796318449587,-3.934033186805629
1.1337961178712634,0.9339572900220561
-0.12346247801707,2.0838069715660907
-2.5599480544137347,-4.611507988322468
0.21654484438787946,-2.524113911017844
2.5274482179254107,-0.07293344709893934
-2.607305287627915,-1.7572512162770337
3.541299589892456,2.7201336948586308
0.6984558906298256,6.448684099266134
-4.133669795148332,-3.4900111562548624
-4.873519480679824,-3.459608279796053
0.4203002375589934,4.1058642574503414
-3.1963839622689685,0.7142097481830235
-3.3754444874914986,-3.744250902991713
1.0797949285188249,2.5028097250138064
-0.903484432195788,5.120347276249483
0.0017007158996838324,3.470473917046384
-2.1695994601694952,-1.7570662325668436
4.736505126158875,0.44173444048023014
1.8517343584586574,-4.417621589636786
-1.6630663738100702,1.26711592063858
-1.5045919193784765,-3.6415872534272964
-2.963762152843778,-2.6800803635119093
1.4861790869215485,3.5419237967219646
-1.3479960533616127,2.851264492250023
0.2744272391380594,5.278407313811747
0.8816163069323207,2.2669223354440686
0.8583320925346849,2.231027606381682
2.19134211307423,-0.06138467477807574
4.876924864068076,1.2277234133093193
-0.0592724967308598,1.248247044889305
-2.8900427986366415,-4.860127973469259
2.79781072500235,-3.383224533392485
3.151945447563312,-1.007928652722323
-1.7342516921970756,-2.2092919266786613
-2.8064912445885226,-3.5379998231441427
-1.1828349303087666,2.5679073272596833
1.4611410863141536,-4.96850933547277
3.395706566262454,1.9590400597972542
3.415327156732411,-0.04714262666631752
1.0431955725514508,4.779123971843922
4.232551250899287,1.084293441623072
2.9359502410454255,-0.033445949938536446
0.05674415324493396,3.598464895159336
-1.345978970737856,2.979874182731769
1.9518878809041942,2.666371900211118
2.6198808949445533,0.787511295411771
1.1846375198401988,4.431721932700883
-2.227797871302254,-2.057883992766386
4.2719503136882455,1.2246849001463813
2.418686414091851,-4.668801819626926
1.1192655903116722,-5.150737825998841
4.164719345171159,1.0639879368650718
-0.8262621424652445,5.090612628649852
-2.2207511157251902,0.8586672143721641
3.549802667238578,-4.644867256374305
0.3161818228757634,4.76358876414168
-0.8968521122659014,2.2092465238571948
-0.9282561958855333,-0.02271196282298793
1.516977649356996,1.8037169056032294
-0.3963071534273892,-3.149438364831054
3.1400645481318414,-1.0889462748203176
-2.3314435743554776,-1.8868933462562794
4.826649616985863,-0.4846762408021841
-2.8218917555270977,1.9129857787690818
-2.395813572712534,-3.864752504943681
5.892730548604927,1.0387730135104414
0.13927884148050693,3.621286282003778
2.1073853760647667,-2.8450973141834868
-0.5090560197371564,4.330626885907165
2.460353831021229,1.4380230224563286
-1.7712374444447734,1.2008665274574701
2.780141937745123,-5.323818265280648
3.118005776026984,0.6646126340807597
-0.9055296603973898,2.135360876271421
2.918204661058513,-0.028828017024945085
1.5516250857890672,3.4802307467408378
-2.4996655052160897,1.0255692291268148
0.6356058995031283,2.295701225149995
-3.2694730453221603,-3.025389506530485
1.2816677445280718,-5.9409081971085
-0.26059102236798215,5.5230853639693
-1.1617352936235719,0.1552264686514876
-0.2570127477057732,2.3712377701384075
3.6148019011814645,0.6753537610811684
4.1922986147763,2.2655088531021947
-2.935543696521097,-3.703580426763166
3.9824735546181493,-4.379367218514682
3.3534124586995553,2.426118468933349
2.047333278640103,-1.0132153224106064
-1.9642962497332874,-4.058150066400243
-0.9658012554350492,2.9385055349995084
-1.0917665634194296,0.6207670295672536
-1.711407581731747,2.8354512024093945
3.3315772108183888,1.3205151941056918
0.7751691624779014,-3.8586511663837637
0.3505029633461172,4.458032447415161
0.13365189660276391,1.3265132144728102
-3.8504871610994544,-3.5051715604521143
-3.8379638559583333,-3.4480306353012646
-0.5196728149947208,3.2436572365685246
4.622647160317664,0.11941440265238978
-2.1751946573792607,1.6226728583715158
3.3888578245501053,-4.663653005703608
-2.612956277858522,1.6571255232736508
-0.14049143423154473,3.959479732978612
-1.3175809083232848,5.390535795399967
4.777536176917138,2.254411211665942
-2.7956887993860646,-2.220448171157913
-0.4917388287534653,5.942388759449384
-0.5794414195230613,-3.5184846665115286
3.2854873498687276,0.527133187730012
-1.2525725388651647,0.6069276226087315
-2.807015774660522,-1.8464698918028506
4.477666978985942,1.5795384508267487
-1.2987015679160916,3.042403851961808
-0.11324824600808873,3.3897620295840243
3.094920625942325,0.9222216466269337
-0.14363126999795783,3.592609290281787
-2.679218417772094,0.40587892575417883
2.8496798859798993,0.6004316637283549
-0.5296693944628602,3.3530937460788737
2.415371554621908,2.2799316241051466
-2.8598382374205213,1.6169024959825733
-0.048811312268564964,5.067301594041956
3.8122956604383376,0.5877536124801023
0.4243846736051225,1.8297400702374174
2.2394107799901195,-4.940159489059307
-1.3191030648855744,6.329976983373921
4.871166053860967,0.6529054633072915
3.3575106321022075,-3.275181581438322
-1.2702942273841948,-0.18725662871458848
3.8026456257158525,0.9681087270571241
-1.7637252155174228,-0.8443390499521917
3.201340813971544,-0.1548085202372118
2.3914336375100342,1.311280090803545
-1.4825142953707569,2.2383491023123887
3.978553365778426,1.4886591599329635
3.372382139646713,0.7151066807379445
2.683595430444825,0.3794513168763911
2.3402486215168246,-0.5952967136387808
2.2845979248211767,2.4205814254010196
4.298406533850417,1.3222880441246554
-3.404428097437627,-1.0479828647159684
1.8039094051032556,-4.919090962804995
-1.7301071066817642,-5.001933654497858
1.7823734863901661,1.263306273240208
0.1674180619370317,6.047065242810856
-0.8961475301633097,-0.5905226745910079
-0.394689027160063,4.5911353139627575
2.8773969052975135,0.7614510993860416
4.0223283179162195,1.5415975652592613
1.024005164092168,2.612002920420459
2.106469434686382,0.28122956448508296
-1.2667583377123175,1.2979509233736808
1.4195743055991175,-3.604066379145712
2.6661404468403305,0.27167331799838224
-2.915197149556951,-5.484291504076307
-2.614592248455338,-2.716263019456004
-0.17690022903638125,-3.4633700359107213
5.572958229511107,1.406322457910845
1.147706554072289,2.836554356769207
-3.1578270220050486,-1.5538564480135872
-1.1618837725610818,0.7227086779639895
1.0889399139953295,5.099488530825593
2.9043838916128917,-4.722551577334636
1.260242245213166,-3.6796036208120326
-1.5922797109371705,-3.1940275372321203
3.5352335734349887,1.4543060585759122
3.9351340928113565,0.007742709153459315
-0.07757761224455005,3.712047016863619
4.172381964276932,1.8997006420919602
-0.06324761125539563,5.908299477755555
-0.546847647792186,0.928576660973084
-0.22552234456570416,3.6217189691737923
-1.8094024905679527,-1.7442653410737954
3.7341110802085415,-0.9891167236286873
-0.8073513456901449,3.898416422822758
-0.5388894358168617,1.790121269625091
-0.627846360054702,-2.6827028411270137
3.141551071656686,1.045494378395173
-2.853846870327313,-3.3056762303650515
-1.285039928774095,2.095453089929455
1.8192812300100674,0.6500599604024166
0.024431974953088676,2.27399438089819
0.8792845799782988,4.9684275372745885
-2.3815402608732383,0.2068841004565315
3.4573990335000166,-0.09601214859690232
3.105804396216336,-4.0576612491390565
0.1900615831264581,2.4667880131603823
4.143869172269636,2.27773379275487
4.17826910837534,1.900159832782812
1.449738405398497,1.3315994591812141
2.482767300488093,0.08807258028569165
2.0376578268904963,-2.0505191000808622
4.644079910937296,0.8140993275561574
0.9989904394129774,3.9780453638647075
2.9971216412584556,5.928325997060324
1.0589322595143518,2.980266256030538
4.114194786462285,1.626445852823696
2.361659172319167,-2.982499685811808
-2.4110420875013197,1.790978064281405
-1.2184446805484694,2.033627285728893
1.6314712967445306,2.081914792720906
1.9627766755155058,0.8645155336225663
2.558900117936644,-3.92927788005736
3.725420908994172,-3.281314500005031
1.1863807785885405,1.4590628149732436
-3.339136592195193,0.898927797705876
-2.4533196302510145,0.9245992882032984
-3.3110339403918316,-0.8195024261685699
-2.9713729716487682,0.027682114783617595
2.5118058003216546,-3.873221228435866
0.04359201494498183,1.9767187889855358
-3.862460323987787,-1.7443044177106848
-4.16636014149524,-3.6573904670458406
4.981112244558081,2.1137550813619583
2.8770135992432104,2.412445970515746
1.483630803621174,-4.2122871465152825
-0.6890920348939146,5.003855984842537
-0.39143557611892416,4.033261050454368
1.6393891419206283,-2.4772929835742072
-1.710236757588303,0.7206427883002386
1.5399587913758823,-3.6666070647814197
0.0008428486154639074,2.4407531295877716
2.260576798436291,-5.446881315063141
0.5704644611627658,4.3946063249366745
1.3814903876911595,0.8698250899563714
3.015259225616122,-3.5582829001210365
-1.7458202147009203,-4.364374363771357
-1.9481992715076244,4.746060591104723
0.3898018771045638,3.8441545503763983
-1.7670659185957436,0.7860973320963696
0.8867085684548748,4.594348480707634
3.2669154031641856,0.20131484632286123
-0.5259699339293381,4.503723264299391
2.866353391348564,0.39212865947940745
-0.8835982116273822,2.91431224789228
3.503113215306172,-3.6840008345571302
0.6805209761803689,5.120201946799986
4.150024451911556,1.2659136790000607
1.1488754663132665,3.282704187754232
4.9529837190736705,-0.11308893023240607
-1.6387198410956223,2.9772166459366356
-1.4122529727384023,4.249962147185878
2.069125721096162,-0.8884500886750049
1.2683718035536025,-4.532521379500228
1.9788022521967,-0.9061670681733409
2.9654098496719667,1.0619678930021523
-0.8200104728771291,1.3748357719411481
-0.2345715773219308,1.4355391774347899
-2.0176265695814646,2.066744633978052
-2.6031999624550517,-2.9960917838171897
-1.9525722380322486,-1.6342065325439206
-3.0293469262243216,-4.6575163125224535
-3.09692842777894,1.4063298066915073
-5.262159314328166,1.7441053355401728
3.0207342038191074,-4.1027767928982115
-2.2170655393351386,2.4147701701465865
-1.5446626639252306,-1.934858473650448
1.8120674515305764,5.054337954086835
1.3637873610095763,-4.765358461455349
-2.8827061510828216,-2.7592982672959105
2.4913693663875875,1.2095648898490432
2.6126996029233855,0.7991569863303247
0.5813309261768516,5.381818861351196
-1.9308714693657965,2.083471692241664
-0.3217656895361959,4.77517051872026
